Unique ID	Parent ID	Name	Tier 1	Tier 2	Tier 3	Tier 4
1		Automotive	Automotive	NULL	NULL	NULL
2	1	Auto Body Styles	Automotive	Auto Body Styles	NULL	NULL
3	2	Commercial Trucks	Automotive	Auto Body Styles	Commercial Trucks	NULL
4	2	Sedan	Automotive	Auto Body Styles	Sedan	NULL
5	2	Station Wagon	Automotive	Auto Body Styles	Station Wagon	NULL
6	2	SUV	Automotive	Auto Body Styles	SUV	NULL
7	2	Van	Automotive	Auto Body Styles	Van	NULL
8	2	Convertible	Automotive	Auto Body Styles	Convertible	NULL
9	2	Coupe	Automotive	Auto Body Styles	Coupe	NULL
10	2	Crossover	Automotive	Auto Body Styles	Crossover	NULL
11	2	Hatchback	Automotive	Auto Body Styles	Hatchback	NULL
12	2	Microcar	Automotive	Auto Body Styles	Microcar	NULL
13	2	Minivan	Automotive	Auto Body Styles	Minivan	NULL
14	2	Off-Road Vehicles	Automotive	Auto Body Styles	Off-Road Vehicles	NULL
15	2	Pickup Trucks	Automotive	Auto Body Styles	Pickup Trucks	NULL
16	1	Auto Type	Automotive	Auto Type	NULL	NULL
17	16	Budget Cars	Automotive	Auto Type	Budget Cars	NULL
18	16	Certified Pre-Owned Cars	Automotive	Auto Type	Certified Pre-Owned Cars	NULL
19	16	Classic Cars	Automotive	Auto Type	Classic Cars	NULL
20	16	Concept Cars	Automotive	Auto Type	Concept Cars	NULL
21	16	Driverless Cars	Automotive	Auto Type	Driverless Cars	NULL
22	16	Green Vehicles	Automotive	Auto Type	Green Vehicles	NULL
23	16	Luxury Cars	Automotive	Auto Type	Luxury Cars	NULL
24	16	Performance Cars	Automotive	Auto Type	Performance Cars	NULL
25	1	Car Culture	Automotive	Car Culture	NULL	NULL
26	1	Dash Cam Videos	Automotive	Dash Cam Videos	NULL	NULL
27	1	Motorcycles	Automotive	Motorcycles	NULL	NULL
28	1	Road-Side Assistance	Automotive	Road-Side Assistance	NULL	NULL
29	1	Scooters	Automotive	Scooters	NULL	NULL
30	1	Auto Buying and Selling	Automotive	Auto Buying and Selling	NULL	NULL
31	1	Auto Insurance	Automotive	Auto Insurance	NULL	NULL
32	1	Auto Parts	Automotive	Auto Parts	NULL	NULL
33	1	Auto Recalls	Automotive	Auto Recalls	NULL	NULL
34	1	Auto Repair	Automotive	Auto Repair	NULL	NULL
35	1	Auto Safety	Automotive	Auto Safety	NULL	NULL
36	1	Auto Shows	Automotive	Auto Shows	NULL	NULL
37	1	Auto Technology	Automotive	Auto Technology	NULL	NULL
38	37	Auto Infotainment Technologies	Automotive	Auto Technology	Auto Infotainment Technologies	NULL
39	37	Auto Navigation Systems	Automotive	Auto Technology	Auto Navigation Systems	NULL
40	37	Auto Safety Technologies	Automotive	Auto Technology	Auto Safety Technologies	NULL
41	1	Auto Rentals	Automotive	Auto Rentals	NULL	NULL
42		Books and Literature	Books and Literature	NULL	NULL	NULL
43	42	Art and Photography Books	Books and Literature	Art and Photography Books	NULL	NULL
44	42	Biographies	Books and Literature	Biographies	NULL	NULL
45	42	Children's Literature	Books and Literature	Children's Literature	NULL	NULL
46	42	Comics and Graphic Novels	Books and Literature	Comics and Graphic Novels	NULL	NULL
47	42	Cookbooks	Books and Literature	Cookbooks	NULL	NULL
48	42	Fiction	Books and Literature	Fiction	NULL	NULL
49	42	Poetry	Books and Literature	Poetry	NULL	NULL
50	42	Travel Books	Books and Literature	Travel Books	NULL	NULL
51	42	Young Adult Literature	Books and Literature	Young Adult Literature	NULL	NULL
52		Business and Finance	Business and Finance	NULL	NULL	NULL
53	52	Business	Business and Finance	Business	NULL	NULL
54	53	Business Accounting & Finance	Business and Finance	Business	Business Accounting & Finance	NULL
55	53	Human Resources	Business and Finance	Business	Human Resources	NULL
56	53	Large Business	Business and Finance	Business	Large Business	NULL
57	53	Logistics	Business and Finance	Business	Logistics	NULL
58	53	Marketing and Advertising	Business and Finance	Business	Marketing and Advertising	NULL
59	53	Sales	Business and Finance	Business	Sales	NULL
60	53	Small and Medium-sized Business	Business and Finance	Business	Small and Medium-sized Business	NULL
61	53	Startups	Business and Finance	Business	Startups	NULL
62	53	Business Administration	Business and Finance	Business	Business Administration	NULL
63	53	Business Banking & Finance	Business and Finance	Business	Business Banking & Finance	NULL
64	63	Angel Investment	Business and Finance	Business	Business Banking & Finance	Angel Investment
65	63	Bankruptcy	Business and Finance	Business	Business Banking & Finance	Bankruptcy
66	63	Business Loans	Business and Finance	Business	Business Banking & Finance	Business Loans
67	63	Debt Factoring & Invoice Discounting	Business and Finance	Business	Business Banking & Finance	Debt Factoring & Invoice Discounting
68	63	Mergers and Acquisitions	Business and Finance	Business	Business Banking & Finance	Mergers and Acquisitions
69	63	Private Equity	Business and Finance	Business	Business Banking & Finance	Private Equity
70	63	Sale & Lease Back	Business and Finance	Business	Business Banking & Finance	Sale & Lease Back
71	63	Venture Capital	Business and Finance	Business	Business Banking & Finance	Venture Capital
72	53	Business I.T.	Business and Finance	Business	Business I.T.	NULL
73	53	Business Operations	Business and Finance	Business	Business Operations	NULL
74	53	Consumer Issues	Business and Finance	Business	Consumer Issues	NULL
75	74	Recalls	Business and Finance	Business	Consumer Issues	Recalls
76	53	Executive Leadership & Management	Business and Finance	Business	Executive Leadership & Management	NULL
77	53	Government Business	Business and Finance	Business	Government Business	NULL
78	53	Green Solutions	Business and Finance	Business	Green Solutions	NULL
79	53	Business Utilities	Business and Finance	Business	Business Utilities	NULL
80	52	Economy	Business and Finance	Economy	NULL	NULL
81	80	Commodities	Business and Finance	Economy	Commodities	NULL
82	80	Currencies	Business and Finance	Economy	Currencies	NULL
83	80	Financial Crisis	Business and Finance	Economy	Financial Crisis	NULL
84	80	Financial Reform	Business and Finance	Economy	Financial Reform	NULL
85	80	Financial Regulation	Business and Finance	Economy	Financial Regulation	NULL
86	80	Gasoline Prices	Business and Finance	Economy	Gasoline Prices	NULL
87	80	Housing Market	Business and Finance	Economy	Housing Market	NULL
88	80	Interest Rates	Business and Finance	Economy	Interest Rates	NULL
89	80	Job Market	Business and Finance	Economy	Job Market	NULL
90	52	Industries	Business and Finance	Industries	NULL	NULL
91	90	Advertising Industry	Business and Finance	Industries	Advertising Industry	NULL
92	90	Education industry	Business and Finance	Industries	Education industry	NULL
93	90	Entertainment Industry	Business and Finance	Industries	Entertainment Industry	NULL
94	90	Environmental Services Industry	Business and Finance	Industries	Environmental Services Industry	NULL
95	90	Financial Industry	Business and Finance	Industries	Financial Industry	NULL
96	90	Food Industry	Business and Finance	Industries	Food Industry	NULL
97	90	Healthcare Industry	Business and Finance	Industries	Healthcare Industry	NULL
98	90	Hospitality Industry	Business and Finance	Industries	Hospitality Industry	NULL
99	90	Information Services Industry	Business and Finance	Industries	Information Services Industry	NULL
100	90	Legal Services Industry	Business and Finance	Industries	Legal Services Industry	NULL
101	90	Logistics and Transportation Industry	Business and Finance	Industries	Logistics and Transportation Industry	NULL
102	90	Agriculture	Business and Finance	Industries	Agriculture	NULL
103	90	Management Consulting Industry	Business and Finance	Industries	Management Consulting Industry	NULL
104	90	Manufacturing Industry	Business and Finance	Industries	Manufacturing Industry	NULL
105	90	Mechanical and Industrial Engineering Industry	Business and Finance	Industries	Mechanical and Industrial Engineering Industry	NULL
106	90	Media Industry	Business and Finance	Industries	Media Industry	NULL
107	90	Metals Industry	Business and Finance	Industries	Metals Industry	NULL
108	90	Non-Profit Organizations	Business and Finance	Industries	Non-Profit Organizations	NULL
109	90	Pharmaceutical Industry	Business and Finance	Industries	Pharmaceutical Industry	NULL
110	90	Power and Energy Industry	Business and Finance	Industries	Power and Energy Industry	NULL
111	90	Publishing Industry	Business and Finance	Industries	Publishing Industry	NULL
112	90	Real Estate Industry	Business and Finance	Industries	Real Estate Industry	NULL
113	90	Apparel Industry	Business and Finance	Industries	Apparel Industry	NULL
114	90	Retail Industry	Business and Finance	Industries	Retail Industry	NULL
115	90	Technology Industry	Business and Finance	Industries	Technology Industry	NULL
116	90	Telecommunications Industry	Business and Finance	Industries	Telecommunications Industry	NULL
117	90	Automotive Industry	Business and Finance	Industries	Automotive Industry	NULL
118	90	Aviation Industry	Business and Finance	Industries	Aviation Industry	NULL
119	90	Biotech and Biomedical Industry	Business and Finance	Industries	Biotech and Biomedical Industry	NULL
120	90	Civil Engineering Industry	Business and Finance	Industries	Civil Engineering Industry	NULL
121	90	Construction Industry	Business and Finance	Industries	Construction Industry	NULL
122	90	Defense Industry	Business and Finance	Industries	Defense Industry	NULL
123		Careers	Careers	NULL	NULL	NULL
124	123	Apprenticeships	Careers	Apprenticeships	NULL	NULL
125	123	Career Advice	Careers	Career Advice	NULL	NULL
126	123	Career Planning	Careers	Career Planning	NULL	NULL
127	123	Job Search	Careers	Job Search	NULL	NULL
128	127	Job Fairs	Careers	Job Search	Job Fairs	NULL
129	127	Resume Writing and Advice	Careers	Job Search	Resume Writing and Advice	NULL
130	123	Remote Working	Careers	Remote Working	NULL	NULL
131	123	Vocational Training	Careers	Vocational Training	NULL	NULL
132		Education	Education	NULL	NULL	NULL
133	132	Adult Education	Education	Adult Education	NULL	NULL
134	132	Private School	Education	Private School	NULL	NULL
135	132	Secondary Education	Education	Secondary Education	NULL	NULL
136	132	Special Education	Education	Special Education
137	132	College Education	Education	College Education	NULL	NULL
138	137	College Planning	Education	College Education	College Planning	NULL
139	137	Postgraduate Education	Education	College Education	Postgraduate Education	NULL
140	139	Professional School	Education	College Education	Postgraduate Education	Professional School
141	137	Undergraduate Education	Education	College Education	Undergraduate Education	NULL
142	132	Early Childhood Education	Education	Early Childhood Education	NULL	NULL
143	132	Educational Assessment	Education	Educational Assessment	NULL	NULL
144	143	Standardized Testing	Education	Educational Assessment	Standardized Testing	NULL
145	132	Homeschooling	Education	Homeschooling	NULL	NULL
146	132	Homework and Study	Education	Homework and Study	NULL	NULL
147	132	Language Learning	Education	Language Learning	NULL	NULL
148	132	Online Education	Education	Online Education	NULL	NULL
149	132	Primary Education	Education	Primary Education	NULL	NULL
150		Events and Attractions	Events and Attractions	NULL	NULL	NULL
151	150	Amusement and Theme Parks	Events and Attractions	Amusement and Theme Parks	NULL	NULL
152	150	Fashion Events	Events and Attractions	Fashion Events	NULL	NULL
153	150	Historic Site and Landmark Tours	Events and Attractions	Historic Site and Landmark Tours	NULL	NULL
154	150	Malls & Shopping Centers	Events and Attractions	Malls & Shopping Centers	NULL	NULL
155	150	Museums & Galleries	Events and Attractions	Museums & Galleries	NULL	NULL
156	150	Musicals	Events and Attractions	Musicals	NULL	NULL
157	150	National & Civic Holidays	Events and Attractions	National & Civic Holidays	NULL	NULL
158	150	Nightclubs	Events and Attractions	Nightclubs	NULL	NULL
159	150	Outdoor Activities	Events and Attractions	Outdoor Activities	NULL	NULL
160	150	Parks & Nature	Events and Attractions	Parks & Nature	NULL	NULL
161	150	Party Supplies and Decorations	Events and Attractions	Party Supplies and Decorations	NULL	NULL
162	150	Awards Shows	Events and Attractions	Awards Shows	NULL	NULL
163	150	Personal Celebrations & Life Events	Events and Attractions	Personal Celebrations & Life Events	NULL	NULL
164	163	Anniversary	Events and Attractions	Personal Celebrations & Life Events	Anniversary	NULL
165	163	Wedding	Events and Attractions	Personal Celebrations & Life Events	Wedding	NULL
166	163	Baby Shower	Events and Attractions	Personal Celebrations & Life Events	Baby Shower	NULL
167	163	Bachelor Party	Events and Attractions	Personal Celebrations & Life Events	Bachelor Party	NULL
168	163	Bachelorette Party	Events and Attractions	Personal Celebrations & Life Events	Bachelorette Party	NULL
169	163	Birth	Events and Attractions	Personal Celebrations & Life Events	Birth	NULL
170	163	Birthday	Events and Attractions	Personal Celebrations & Life Events	Birthday	NULL
171	163	Funeral	Events and Attractions	Personal Celebrations & Life Events	Funeral	NULL
172	163	Graduation	Events and Attractions	Personal Celebrations & Life Events	Graduation	NULL
173	163	Prom	Events and Attractions	Personal Celebrations & Life Events	Prom	NULL
174	150	Political Event	Events and Attractions	Political Event	NULL	NULL
175	150	Religious Events	Events and Attractions	Religious Events	NULL	NULL
176	150	Sporting Events	Events and Attractions	Sporting Events	NULL	NULL
177	150	Theater Venues and Events	Events and Attractions	Theater Venues and Events	NULL	NULL
178	150	Zoos & Aquariums	Events and Attractions	Zoos & Aquariums	NULL	NULL
179	150	Bars & Restaurants	Events and Attractions	Bars & Restaurants	NULL	NULL
180	150	Business Expos & Conferences	Events and Attractions	Business Expos & Conferences	NULL	NULL
181	150	Casinos & Gambling	Events and Attractions	Casinos & Gambling	NULL	NULL
182	150	Cinemas and Events	Events and Attractions	Cinemas and Events	NULL	NULL
183	150	Comedy Events	Events and Attractions	Comedy Events	NULL	NULL
184	150	Concerts & Music Events	Events and Attractions	Concerts & Music Events	NULL	NULL
185	150	Fan Conventions	Events and Attractions	Fan Conventions	NULL	NULL
186		Family and Relationships	Family and Relationships	NULL	NULL	NULL
187	186	Bereavement	Family and Relationships	Bereavement	NULL	NULL
188	186	Dating	Family and Relationships	Dating
189	186	Divorce	Family and Relationships	Divorce
190	186	Eldercare	Family and Relationships	Eldercare	NULL	NULL
191	186	Marriage and Civil Unions	Family and Relationships	Marriage and Civil Unions	NULL	NULL
192	186	Parenting	Family and Relationships	Parenting	NULL	NULL
193	192	Adoption and Fostering	Family and Relationships	Parenting	Adoption and Fostering	NULL
194	192	Daycare and Pre-School	Family and Relationships	Parenting	Daycare and Pre-School	NULL
195	192	Internet Safety	Family and Relationships	Parenting	Internet Safety	NULL
196	192	Parenting Babies and Toddlers	Family and Relationships	Parenting	Parenting Babies and Toddlers	NULL
197	192	Parenting Children Aged 4-11	Family and Relationships	Parenting	Parenting Children Aged 4-11	NULL
198	192	Parenting Teens	Family and Relationships	Parenting	Parenting Teens	NULL
199	192	Special Needs Kids	Family and Relationships	Parenting	Special Needs Kids
200	186	Single Life	Family and Relationships	Single Life
201		Fine Art	Fine Art	NULL	NULL	NULL
202	201	Costume	Fine Art	Costume	NULL	NULL
203	201	Dance	Fine Art	Dance	NULL	NULL
204	201	Design	Fine Art	Design	NULL	NULL
205	201	Digital Arts	Fine Art	Digital Arts	NULL	NULL
206	201	Fine Art Photography	Fine Art	Fine Art Photography	NULL	NULL
207	201	Modern Art	Fine Art	Modern Art	NULL	NULL
208	201	Opera	Fine Art	Opera	NULL	NULL
209	201	Theater	Fine Art	Theater	NULL	NULL
210		Food & Drink	Food & Drink	NULL	NULL	NULL
211	210	Alcoholic Beverages	Food & Drink	Alcoholic Beverages
212	210	Vegan Diets	Food & Drink	Vegan Diets	NULL	NULL
213	210	Vegetarian Diets	Food & Drink	Vegetarian Diets	NULL	NULL
214	210	World Cuisines	Food & Drink	World Cuisines
215	210	Barbecues and Grilling	Food & Drink	Barbecues and Grilling	NULL	NULL
216	210	Cooking	Food & Drink	Cooking	NULL	NULL
217	210	Desserts and Baking	Food & Drink	Desserts and Baking	NULL	NULL
218	210	Dining Out	Food & Drink	Dining Out	NULL	NULL
219	210	Food Allergies	Food & Drink	Food Allergies	NULL	NULL
220	210	Food Movements	Food & Drink	Food Movements	NULL	NULL
221	210	Healthy Cooking and Eating	Food & Drink	Healthy Cooking and Eating	NULL	NULL
222	210	Non-Alcoholic Beverages	Food & Drink	Non-Alcoholic Beverages	NULL	NULL
223		Healthy Living	Healthy Living	NULL	NULL	NULL
224	223	Children's Health	Healthy Living	Children's Health
225	223	Fitness and Exercise	Healthy Living	Fitness and Exercise	NULL	NULL
226	225	Participant Sports	Healthy Living	Fitness and Exercise	Participant Sports	NULL
227	225	Running and Jogging	Healthy Living	Fitness and Exercise	Running and Jogging	NULL
228	223	Men's Health	Healthy Living	Men's Health	NULL	NULL
229	223	Nutrition	Healthy Living	Nutrition	NULL	NULL
230	223	Senior Health	Healthy Living	Senior Health	NULL	NULL
231	223	Weight Loss	Healthy Living	Weight Loss
232	223	Wellness	Healthy Living	Wellness	NULL	NULL
233	232	Alternative Medicine	Healthy Living	Wellness	Alternative Medicine	NULL
234	233	Herbs and Supplements	Healthy Living	Wellness	Alternative Medicine	Herbs and Supplements
235	233	Holistic Health	Healthy Living	Wellness	Alternative Medicine	Holistic Health
236	232	Physical Therapy	Healthy Living	Wellness	Physical Therapy	NULL
237	232	Smoking Cessation	Healthy Living	Wellness	Smoking Cessation
238	223	Women's Health	Healthy Living	Women's Health	NULL	NULL
239		Hobbies & Interests	Hobbies & Interests	NULL	NULL	NULL
240	239	Antiquing and Antiques	Hobbies & Interests	Antiquing and Antiques	NULL	NULL
241	239	Magic and Illusion	Hobbies & Interests	Magic and Illusion	NULL	NULL
242	239	Model Toys	Hobbies & Interests	Model Toys	NULL	NULL
243	239	Musical Instruments	Hobbies & Interests	Musical Instruments	NULL	NULL
244	239	Paranormal Phenomena	Hobbies & Interests	Paranormal Phenomena	NULL	NULL
245	239	Radio Control	Hobbies & Interests	Radio Control	NULL	NULL
246	239	Sci-fi and Fantasy	Hobbies & Interests	Sci-fi and Fantasy	NULL	NULL
247	239	Workshops and Classes	Hobbies & Interests	Workshops and Classes	NULL	NULL
248	239	Arts and Crafts	Hobbies & Interests	Arts and Crafts	NULL	NULL
249	248	Beadwork	Hobbies & Interests	Arts and Crafts	Beadwork	NULL
250	248	Candle and Soap Making	Hobbies & Interests	Arts and Crafts	Candle and Soap Making	NULL
251	248	Drawing and Sketching	Hobbies & Interests	Arts and Crafts	Drawing and Sketching	NULL
252	248	Jewelry Making	Hobbies & Interests	Arts and Crafts	Jewelry Making	NULL
253	248	Needlework	Hobbies & Interests	Arts and Crafts	Needlework	NULL
254	248	Painting	Hobbies & Interests	Arts and Crafts	Painting	NULL
255	248	Photography	Hobbies & Interests	Arts and Crafts	Photography	NULL
256	248	Scrapbooking	Hobbies & Interests	Arts and Crafts	Scrapbooking	NULL
257	248	Woodworking	Hobbies & Interests	Arts and Crafts	Woodworking	NULL
258	239	Beekeeping	Hobbies & Interests	Beekeeping	NULL	NULL
259	239	Birdwatching	Hobbies & Interests	Birdwatching	NULL	NULL
260	239	Cigars	Hobbies & Interests	Cigars	NULL	NULL
261	239	Collecting	Hobbies & Interests	Collecting	NULL	NULL
262	261	Comic Books	Hobbies & Interests	Collecting	Comic Books	NULL
263	261	Stamps and Coins	Hobbies & Interests	Collecting	Stamps and Coins	NULL
264	239	Content Production	Hobbies & Interests	Content Production	NULL	NULL
265	264	Audio Production	Hobbies & Interests	Content Production	Audio Production	NULL
266	264	Freelance Writing	Hobbies & Interests	Content Production	Freelance Writing	NULL
267	264	Screenwriting	Hobbies & Interests	Content Production	Screenwriting	NULL
268	264	Video Production	Hobbies & Interests	Content Production	Video Production	NULL
269	239	Games and Puzzles	Hobbies & Interests	Games and Puzzles	NULL	NULL
270	269	Board Games and Puzzles	Hobbies & Interests	Games and Puzzles	Board Games and Puzzles	NULL
271	269	Card Games	Hobbies & Interests	Games and Puzzles	Card Games	NULL
272	269	Roleplaying Games	Hobbies & Interests	Games and Puzzles	Roleplaying Games	NULL
273	239	Genealogy and Ancestry	Hobbies & Interests	Genealogy and Ancestry	NULL	NULL
274		Home & Garden	Home & Garden	NULL	NULL	NULL
275	274	Gardening	Home & Garden	Gardening	NULL	NULL
276	274	Remodeling & Construction	Home & Garden	Remodeling & Construction	NULL	NULL
277	274	Smart Home	Home & Garden	Smart Home	NULL	NULL
278	274	Home Appliances	Home & Garden	Home Appliances	NULL	NULL
279	274	Home Entertaining	Home & Garden	Home Entertaining	NULL	NULL
280	274	Home Improvement	Home & Garden	Home Improvement	NULL	NULL
281	274	Home Security	Home & Garden	Home Security	NULL	NULL
282	274	Indoor Environmental Quality	Home & Garden	Indoor Environmental Quality	NULL	NULL
283	274	Interior Decorating	Home & Garden	Interior Decorating	NULL	NULL
284	274	Landscaping	Home & Garden	Landscaping	NULL	NULL
285	274	Outdoor Decorating	Home & Garden	Outdoor Decorating	NULL	NULL
286		Medical Health	Medical Health	NULL	NULL	NULL
287	286	Diseases and Conditions	Medical Health	Diseases and Conditions
288	287	Allergies	Medical Health	Diseases and Conditions	Allergies
289	287	Ear, Nose and Throat Conditions	Medical Health	Diseases and Conditions	Ear, Nose and Throat Conditions
290	287	Endocrine and Metabolic Diseases	Medical Health	Diseases and Conditions	Endocrine and Metabolic Diseases
291	290	Hormonal Disorders	Medical Health	Diseases and Conditions	Endocrine and Metabolic Diseases	Hormonal Disorders
292	290	Menopause	Medical Health	Diseases and Conditions	Endocrine and Metabolic Diseases	Menopause
293	290	Thyroid Disorders	Medical Health	Diseases and Conditions	Endocrine and Metabolic Diseases	Thyroid Disorders
294	287	Eye and Vision Conditions	Medical Health	Diseases and Conditions	Eye and Vision Conditions
295	287	Foot Health	Medical Health	Diseases and Conditions	Foot Health
296	287	Heart and Cardiovascular Diseases	Medical Health	Diseases and Conditions	Heart and Cardiovascular Diseases
297	287	Infectious Diseases	Medical Health	Diseases and Conditions	Infectious Diseases
298	287	Injuries	Medical Health	Diseases and Conditions	Injuries
299	298	First Aid	Medical Health	Diseases and Conditions	Injuries	First Aid
300	287	Lung and Respiratory Health	Medical Health	Diseases and Conditions	Lung and Respiratory Health
301	287	Mental Health	Medical Health	Diseases and Conditions	Mental Health
302	287	Reproductive Health	Medical Health	Diseases and Conditions	Reproductive Health
303	302	Birth Control	Medical Health	Diseases and Conditions	Reproductive Health	Birth Control
304	302	Infertility	Medical Health	Diseases and Conditions	Reproductive Health	Infertility
305	302	Pregnancy	Medical Health	Diseases and Conditions	Reproductive Health	Pregnancy
306	287	Blood Disorders	Medical Health	Diseases and Conditions	Blood Disorders
307	287	Sexual Health	Medical Health	Diseases and Conditions	Sexual Health
308	307	Sexual Conditions	Medical Health	Diseases and Conditions	Sexual Health	Sexual Conditions
309	287	Skin and Dermatology	Medical Health	Diseases and Conditions	Skin and Dermatology
310	287	Sleep Disorders	Medical Health	Diseases and Conditions	Sleep Disorders
311	287	Substance Abuse	Medical Health	Diseases and Conditions	Substance Abuse
312	287	Bone and Joint Conditions	Medical Health	Diseases and Conditions	Bone and Joint Conditions
313	287	Brain and Nervous System Disorders	Medical Health	Diseases and Conditions	Brain and Nervous System Disorders
314	287	Cancer	Medical Health	Diseases and Conditions	Cancer
315	287	Cold and Flu	Medical Health	Diseases and Conditions	Cold and Flu
316	287	Dental Health	Medical Health	Diseases and Conditions	Dental Health
317	287	Diabetes	Medical Health	Diseases and Conditions	Diabetes
318	287	Digestive Disorders	Medical Health	Diseases and Conditions	Digestive Disorders
319	286	Medical Tests	Medical Health	Medical Tests
320	286	Pharmaceutical Drugs	Medical Health	Pharmaceutical Drugs
321	286	Surgery	Medical Health	Surgery
322	286	Vaccines	Medical Health	Vaccines
323	286	Cosmetic Medical Services	Medical Health	Cosmetic Medical Services
324		Movies	Movies	NULL	NULL	NULL
325	324	Action and Adventure Movies	Movies	Action and Adventure Movies	NULL	NULL
326	324	Romance Movies	Movies	Romance Movies	NULL	NULL
327	324	Science Fiction Movies	Movies	Science Fiction Movies	NULL	NULL
328	324	Special Interest Movies	Movies	Indie and Arthouse Movies	NULL	NULL
329	324	Animation Movies	Movies	Animation Movies	NULL	NULL
330	324	Comedy Movies	Movies	Comedy Movies	NULL	NULL
331	324	Crime and Mystery Movies	Movies	Crime and Mystery Movies	NULL	NULL
332	324	Documentary Movies	Movies	Documentary Movies	NULL	NULL
333	324	Drama Movies	Movies	Drama Movies	NULL	NULL
334	324	Family and Children Movies	Movies	Family and Children Movies	NULL	NULL
335	324	Fantasy Movies	Movies	Fantasy Movies	NULL	NULL
336	324	Horror Movies	Movies	Horror Movies	NULL	NULL
337	324	World Movies	Movies	World Movies	NULL	NULL
338		Music and Audio	Music and Audio	NULL	NULL	NULL
339	338	Adult Contemporary Music	Music and Audio	Adult Contemporary Music	NULL	NULL
340	339	Soft AC Music	Music and Audio	Adult Contemporary Music	Soft AC Music	NULL
341	339	Urban AC Music	Music and Audio	Adult Contemporary Music	Urban AC Music	NULL
342	338	Adult Album Alternative	Music and Audio	Adult Album Alternative	NULL	NULL
343	338	Alternative Music	Music and Audio	Alternative Music	NULL	NULL
344	338	Children's Music	Music and Audio	Children's Music	NULL	NULL
345	338	Classic Hits	Music and Audio	Classic Hits	NULL	NULL
346	338	Classical Music	Music and Audio	Classical Music	NULL	NULL
347	338	College Radio	Music and Audio	College Radio	NULL	NULL
348	338	Comedy (Music and Audio)	Music and Audio	Comedy (Music and Audio)	NULL	NULL
349	338	Contemporary Hits/Pop/Top 40	Music and Audio	Contemporary Hits/Pop/Top 40	NULL	NULL
350	338	Country Music	Music and Audio	Country Music	NULL	NULL
351	338	Dance and Electronic Music	Music and Audio	Dance and Electronic Music	NULL	NULL
352	338	World/International Music	Music and Audio	World/International Music	NULL	NULL
353	338	Songwriters/Folk	Music and Audio	Songwriters/Folk	NULL	NULL
354	338	Gospel Music	Music and Audio	Gospel Music	NULL	NULL
355	338	Hip Hop Music	Music and Audio	Hip Hop Music	NULL	NULL
356	338	Inspirational/New Age Music	Music and Audio	Inspirational/New Age Music	NULL	NULL
357	338	Jazz	Music and Audio	Jazz	NULL	NULL
358	338	Oldies/Adult Standards	Music and Audio	Oldies/Adult Standards	NULL	NULL
359	338	Reggae	Music and Audio	Reggae	NULL	NULL
360	338	Blues	Music and Audio	Blues	NULL	NULL
361	338	Religious (Music and Audio)	Music and Audio	Religious (Music and Audio)	NULL	NULL
362	338	R&B/Soul/Funk	Music and Audio	R&B/Soul/Funk	NULL	NULL
363	338	Rock Music	Music and Audio	Rock Music	NULL	NULL
364	363	Album-oriented Rock	Music and Audio	Rock Music	Album-oriented Rock	NULL
365	363	Alternative Rock	Music and Audio	Rock Music	Alternative Rock	NULL
366	363	Classic Rock	Music and Audio	Rock Music	Classic Rock	NULL
367	363	Hard Rock	Music and Audio	Rock Music	Hard Rock	NULL
368	363	Soft Rock	Music and Audio	Rock Music	Soft Rock	NULL
369	338	Soundtracks, TV and Showtunes	Music and Audio	Soundtracks, TV and Showtunes	NULL	NULL
370	338	Sports Radio	Music and Audio	Sports Radio	NULL	NULL
371	338	Talk Radio	Music and Audio	Talk Radio	NULL	NULL
372	371	Business News Radio	Music and Audio	Talk Radio	Business News Radio	NULL
373	371	Educational Radio	Music and Audio	Talk Radio	Educational Radio	NULL
374	371	News Radio	Music and Audio	Talk Radio	News Radio	NULL
375	371	News/Talk Radio	Music and Audio	Talk Radio	News/Talk Radio	NULL
376	371	Public Radio	Music and Audio	Talk Radio	Public Radio	NULL
377	338	Urban Contemporary Music	Music and Audio	Urban Contemporary Music	NULL	NULL
378	338	Variety (Music and Audio)	Music and Audio	Variety (Music and Audio)	NULL	NULL
379		News and Politics	News and Politics	NULL	NULL	NULL
380	379	Crime	News and Politics	Crime	NULL	NULL
381	379	Disasters	News and Politics	Disasters	NULL	NULL
382	379	International News	News and Politics	International News	NULL	NULL
383	379	Law	News and Politics	Law	NULL	NULL
384	379	Local News	News and Politics	Local News	NULL	NULL
385	379	National News	News and Politics	National News	NULL	NULL
386	379	Politics	News and Politics	Politics	NULL	NULL
387	386	Elections	News and Politics	Politics	Elections
388	386	Political Issues	News and Politics	Politics	Political Issues
389	386	War and Conflicts	News and Politics	Politics	War and Conflicts	NULL
390	379	Weather	News and Politics	Weather	NULL	NULL
391		Personal Finance	Personal Finance	NULL	NULL	NULL
392	391	Consumer Banking	Personal Finance	Consumer Banking	NULL	NULL
393	391	Financial Assistance	Personal Finance	Financial Assistance	NULL	NULL
394	393	Government Support and Welfare	Personal Finance	Financial Assistance	Government Support and Welfare	NULL
395	393	Student Financial Aid	Personal Finance	Financial Assistance	Student Financial Aid	NULL
396	391	Financial Planning	Personal Finance	Financial Planning	NULL	NULL
397	391	Frugal Living	Personal Finance	Frugal Living	NULL	NULL
398	391	Insurance	Personal Finance	Insurance	NULL	NULL
399	398	Health Insurance	Personal Finance	Insurance	Health Insurance	NULL
400	398	Home Insurance	Personal Finance	Insurance	Home Insurance	NULL
401	398	Life Insurance	Personal Finance	Insurance	Life Insurance	NULL
402	398	Motor Insurance	Personal Finance	Insurance	Motor Insurance	NULL
403	398	Pet Insurance	Personal Finance	Insurance	Pet Insurance	NULL
404	398	Travel Insurance	Personal Finance	Insurance	Travel Insurance	NULL
405	391	Personal Debt	Personal Finance	Personal Debt	NULL	NULL
406	405	Credit Cards	Personal Finance	Personal Debt	Credit Cards	NULL
407	405	Home Financing	Personal Finance	Personal Debt	Home Financing	NULL
408	405	Personal Loans	Personal Finance	Personal Debt	Personal Loans	NULL
409	405	Student Loans	Personal Finance	Personal Debt	Student Loans	NULL
410	391	Personal Investing	Personal Finance	Personal Investing
411	410	Hedge Funds	Personal Finance	Personal Investing	Hedge Funds	NULL
412	410	Mutual Funds	Personal Finance	Personal Investing	Mutual Funds	NULL
413	410	Options	Personal Finance	Personal Investing	Options	NULL
414	410	Stocks and Bonds	Personal Finance	Personal Investing	Stocks and Bonds	NULL
415	391	Personal Taxes	Personal Finance	Personal Taxes	NULL	NULL
416	391	Retirement Planning	Personal Finance	Retirement Planning	NULL	NULL
417	391	Home Utilities	Personal Finance	Home Utilities	NULL	NULL
418	417	Gas and Electric	Personal Finance	Home Utilities	Gas and Electric	NULL
419	417	Internet Service Providers	Personal Finance	Home Utilities	Internet Service Providers	NULL
420	417	Phone Services	Personal Finance	Home Utilities	Phone Services	NULL
421	417	Water Services	Personal Finance	Home Utilities	Water Services	NULL
422		Pets	Pets	NULL	NULL	NULL
423	422	Birds	Pets	Birds	NULL	NULL
424	422	Cats	Pets	Cats	NULL	NULL
425	422	Dogs	Pets	Dogs	NULL	NULL
426	422	Fish and Aquariums	Pets	Fish and Aquariums	NULL	NULL
427	422	Large Animals	Pets	Large Animals	NULL	NULL
428	422	Pet Adoptions	Pets	Pet Adoptions	NULL	NULL
429	422	Reptiles	Pets	Reptiles	NULL	NULL
430	422	Veterinary Medicine	Pets	Veterinary Medicine	NULL	NULL
431	422	Pet Supplies	Pets	Pet Supplies	NULL	NULL
432		Pop Culture	Pop Culture	NULL	NULL	NULL
433	432	Celebrity Deaths	Pop Culture	Celebrity Deaths	NULL	NULL
434	432	Celebrity Families	Pop Culture	Celebrity Families	NULL	NULL
435	432	Celebrity Homes	Pop Culture	Celebrity Homes	NULL	NULL
436	432	Celebrity Pregnancy	Pop Culture	Celebrity Pregnancy	NULL	NULL
437	432	Celebrity Relationships	Pop Culture	Celebrity Relationships	NULL	NULL
438	432	Celebrity Scandal	Pop Culture	Celebrity Scandal	NULL	NULL
439	432	Celebrity Style	Pop Culture	Celebrity Style	NULL	NULL
440	432	Humor and Satire	Pop Culture	Humor and Satire	NULL	NULL
441		Real Estate	Real Estate	NULL	NULL	NULL
442	441	Apartments	Real Estate	Apartments	NULL	NULL
443	441	Retail Property	Real Estate	Retail Property	NULL	NULL
444	441	Vacation Properties	Real Estate	Vacation Properties	NULL	NULL
445	441	Developmental Sites	Real Estate	Developmental Sites	NULL	NULL
446	441	Hotel Properties	Real Estate	Hotel Properties	NULL	NULL
447	441	Houses	Real Estate	Houses	NULL	NULL
448	441	Industrial Property	Real Estate	Industrial Property	NULL	NULL
449	441	Land and Farms	Real Estate	Land and Farms	NULL	NULL
450	441	Office Property	Real Estate	Office Property	NULL	NULL
451	441	Real Estate Buying and Selling	Real Estate	Real Estate Buying and Selling	NULL	NULL
452	441	Real Estate Renting and Leasing	Real Estate	Real Estate Renting and Leasing	NULL	NULL
453		Religion & Spirituality	Religion & Spirituality
454	453	Agnosticism	Religion & Spirituality	Agnosticism
455	453	Spirituality	Religion & Spirituality	Spirituality
456	453	Astrology	Religion & Spirituality	Astrology
457	453	Atheism	Religion & Spirituality	Atheism
458	453	Buddhism	Religion & Spirituality	Buddhism
459	453	Christianity	Religion & Spirituality	Christianity
460	453	Hinduism	Religion & Spirituality	Hinduism
461	453	Islam	Religion & Spirituality	Islam
462	453	Judaism	Religion & Spirituality	Judaism
463	453	Sikhism	Religion & Spirituality	Sikhism
464		Science	Science	NULL	NULL	NULL
465	464	Biological Sciences	Science	Biological Sciences
466	464	Chemistry	Science	Chemistry	NULL	NULL
467	464	Environment	Science	Environment	NULL	NULL
468	464	Genetics	Science	Genetics
469	464	Geography	Science	Geography	NULL	NULL
470	464	Geology	Science	Geology	NULL	NULL
471	464	Physics	Science	Physics	NULL	NULL
472	464	Space and Astronomy	Science	Space and Astronomy	NULL	NULL
473		Shopping	Shopping	NULL	NULL	NULL
474	473	Coupons and Discounts	Shopping	Coupons and Discounts	NULL	NULL
475	473	Flower Shopping	Shopping	Flower Shopping	NULL	NULL
476	473	Gifts and Greetings Cards	Shopping	Gifts and Greetings Cards	NULL	NULL
477	473	Grocery Shopping	Shopping	Grocery Shopping	NULL	NULL
478	473	Holiday Shopping	Shopping	Holiday Shopping	NULL	NULL
479	473	Household Supplies	Shopping	Household Supplies	NULL	NULL
480	473	Lotteries and Scratchcards	Shopping	Lotteries and Scratchcards	NULL	NULL
481	473	Sales and Promotions	Shopping	Sales and Promotions	NULL	NULL
482	473	Children's Games and Toys	Shopping	Children's Games and Toys	NULL	NULL
483		Sports	Sports	NULL	NULL	NULL
484	483	American Football	Sports	American Football	NULL	NULL
485	483	Boxing	Sports	Boxing	NULL	NULL
486	483	Cheerleading	Sports	Cheerleading	NULL	NULL
487	483	College Sports	Sports	College Sports	NULL	NULL
488	487	College Football	Sports	College Sports	College Football	NULL
489	487	College Basketball	Sports	College Sports	College Basketball	NULL
490	487	College Baseball	Sports	College Sports	College Baseball	NULL
491	483	Cricket	Sports	Cricket	NULL	NULL
492	483	Cycling	Sports	Cycling	NULL	NULL
493	483	Darts	Sports	Darts	NULL	NULL
494	483	Disabled Sports	Sports	Disabled Sports	NULL	NULL
495	483	Diving	Sports	Diving	NULL	NULL
496	483	Equine Sports	Sports	Equine Sports	NULL	NULL
497	483	Horse Racing	Sports	Equine Sports	Horse Racing	NULL
498	483	Extreme Sports	Sports	Extreme Sports	NULL	NULL
499	498	Canoeing and Kayaking	Sports	Extreme Sports	Canoeing and Kayaking	NULL
500	498	Climbing	Sports	Extreme Sports	Climbing	NULL
501	498	Paintball	Sports	Extreme Sports	Paintball	NULL
502	498	Scuba Diving	Sports	Extreme Sports	Scuba Diving	NULL
503	498	Skateboarding	Sports	Extreme Sports	Skateboarding	NULL
504	498	Snowboarding	Sports	Extreme Sports	Snowboarding	NULL
505	498	Surfing and Bodyboarding	Sports	Extreme Sports	Surfing and Bodyboarding	NULL
506	498	Waterskiing and Wakeboarding	Sports	Extreme Sports	Waterskiing and Wakeboarding	NULL
507	483	Australian Rules Football	Sports	Australian Rules Football	NULL	NULL
508	483	Fantasy Sports	Sports	Fantasy Sports	NULL	NULL
509	483	Field Hockey	Sports	Field Hockey	NULL	NULL
510	483	Figure Skating	Sports	Figure Skating	NULL	NULL
511	483	Fishing Sports	Sports	Fishing Sports	NULL	NULL
512	483	Golf	Sports	Golf	NULL	NULL
513	483	Gymnastics	Sports	Gymnastics	NULL	NULL
514	483	Hunting and Shooting	Sports	Hunting and Shooting	NULL	NULL
515	483	Ice Hockey	Sports	Ice Hockey	NULL	NULL
516	483	Inline Skating	Sports	Inline Skating	NULL	NULL
517	483	Lacrosse	Sports	Lacrosse	NULL	NULL
518	483	Auto Racing	Sports	Auto Racing	NULL	NULL
519	518	Motorcycle Sports	Sports	Auto Racing	Motorcycle Sports	NULL
520	483	Martial Arts	Sports	Martial Arts	NULL	NULL
521	483	Olympic Sports	Sports	Olympic Sports	NULL	NULL
522	521	Summer Olympic Sports	Sports	Olympic Sports	Summer Olympic Sports	NULL
523	521	Winter Olympic Sports	Sports	Olympic Sports	Winter Olympic Sports	NULL
524	483	Poker and Professional Gambling	Sports	Poker and Professional Gambling	NULL	NULL
525	483	Rodeo	Sports	Rodeo	NULL	NULL
526	483	Rowing	Sports	Rowing	NULL	NULL
527	483	Rugby	Sports	Rugby	NULL	NULL
528	527	Rugby League	Sports	Rugby	Rugby League	NULL
529	527	Rugby Union	Sports	Rugby	Rugby Union	NULL
530	483	Sailing	Sports	Sailing	NULL	NULL
531	483	Skiing	Sports	Skiing	NULL	NULL
532	483	Snooker/Pool/Billiards	Sports	Snooker/Pool/Billiards	NULL	NULL
533	483	Soccer	Sports	Soccer	NULL	NULL
534	483	Badminton	Sports	Badminton	NULL	NULL
535	483	Softball	Sports	Softball	NULL	NULL
536	483	Squash	Sports	Squash	NULL	NULL
537	483	Swimming	Sports	Swimming	NULL	NULL
538	483	Table Tennis	Sports	Table Tennis	NULL	NULL
539	483	Tennis	Sports	Tennis	NULL	NULL
540	483	Track and Field	Sports	Track and Field	NULL	NULL
541	483	Volleyball	Sports	Volleyball	NULL	NULL
542	483	Walking	Sports	Walking	NULL	NULL
543	483	Water Polo	Sports	Water Polo	NULL	NULL
544	483	Weightlifting	Sports	Weightlifting	NULL	NULL
545	483	Baseball	Sports	Baseball	NULL	NULL
546	483	Wrestling	Sports	Wrestling	NULL	NULL
547	483	Basketball	Sports	Basketball	NULL	NULL
548	483	Beach Volleyball	Sports	Beach Volleyball	NULL	NULL
549	483	Bodybuilding	Sports	Bodybuilding
550	483	Bowling	Sports	Bowling	NULL	NULL
551	483	Sports Equipment	Sports	Sports Equipment	NULL	NULL
552		Style & Fashion	Style & Fashion	NULL	NULL	NULL
553	552	Beauty	Style & Fashion	Beauty	NULL	NULL
554	553	Hair Care	Style & Fashion	Beauty	Hair Care	NULL
555	553	Makeup and Accessories	Style & Fashion	Beauty	Makeup and Accessories	NULL
556	553	Nail Care	Style & Fashion	Beauty	Nail Care	NULL
557	553	Natural and Organic Beauty	Style & Fashion	Beauty	Natural and Organic Beauty	NULL
558	553	Perfume and Fragrance	Style & Fashion	Beauty	Perfume and Fragrance	NULL
559	553	Skin Care	Style & Fashion	Beauty	Skin Care	NULL
560	552	Women's Fashion	Style & Fashion	Women's Fashion	NULL	NULL
561	560	Women's Accessories	Style & Fashion	Women's Fashion	Women's Accessories	NULL
562	561	Women's Glasses	Style & Fashion	Women's Fashion	Women's Accessories	Women's Glasses
563	561	Women's Handbags and Wallets	Style & Fashion	Women's Fashion	Women's Accessories	Women's Handbags and Wallets
564	561	Women's Hats and Scarves	Style & Fashion	Women's Fashion	Women's Accessories	Women's Hats and Scarves
565	561	Women's Jewelry and Watches	Style & Fashion	Women's Fashion	Women's Accessories	Women's Jewelry and Watches
566	560	Women's Clothing	Style & Fashion	Women's Fashion	Women's Clothing	NULL
567	566	Women's Business Wear	Style & Fashion	Women's Fashion	Women's Clothing	Women's Business Wear
568	566	Women's Casual Wear	Style & Fashion	Women's Fashion	Women's Clothing	Women's Casual Wear
569	566	Women's Formal Wear	Style & Fashion	Women's Fashion	Women's Clothing	Women's Formal Wear
570	566	Women's Intimates and Sleepwear	Style & Fashion	Women's Fashion	Women's Clothing	Women's Intimates and Sleepwear
571	566	Women's Outerwear	Style & Fashion	Women's Fashion	Women's Clothing	Women's Outerwear
572	566	Women's Sportswear	Style & Fashion	Women's Fashion	Women's Clothing	Women's Sportswear
573	560	Women's Shoes and Footwear	Style & Fashion	Women's Fashion	Women's Shoes and Footwear	NULL
574	552	Body Art	Style & Fashion	Body Art	NULL	NULL
575	552	Children's Clothing	Style & Fashion	Children's Clothing	NULL	NULL
576	552	Designer Clothing	Style & Fashion	Designer Clothing	NULL	NULL
577	552	Fashion Trends	Style & Fashion	Fashion Trends	NULL	NULL
578	552	High Fashion	Style & Fashion	High Fashion	NULL	NULL
579	552	Men's Fashion	Style & Fashion	Men's Fashion	NULL	NULL
580	579	Men's Accessories	Style & Fashion	Men's Fashion	Men's Accessories	NULL
581	580	Men's Jewelry and Watches	Style & Fashion	Men's Fashion	Men's Accessories	Men's Jewelry and Watches
582	579	Men's Clothing	Style & Fashion	Men's Fashion	Men's Clothing	NULL
583	582	Men's Business Wear	Style & Fashion	Men's Fashion	Men's Clothing	Men's Business Wear
584	582	Men's Casual Wear	Style & Fashion	Men's Fashion	Men's Clothing	Men's Casual Wear
585	582	Men's Formal Wear	Style & Fashion	Men's Fashion	Men's Clothing	Men's Formal Wear
586	582	Men's Outerwear	Style & Fashion	Men's Fashion	Men's Clothing	Men's Outerwear
587	582	Men's Sportswear	Style & Fashion	Men's Fashion	Men's Clothing	Men's Sportswear
588	582	Men's Underwear and Sleepwear	Style & Fashion	Men's Fashion	Men's Clothing	Men's Underwear and Sleepwear
589	579	Men's Shoes and Footwear	Style & Fashion	Men's Fashion	Men's Shoes and Footwear	NULL
590	552	Personal Care	Style & Fashion	Personal Care	NULL	NULL
591	590	Bath and Shower	Style & Fashion	Personal Care	Bath and Shower	NULL
592	590	Deodorant and Antiperspirant	Style & Fashion	Personal Care	Deodorant and Antiperspirant	NULL
593	590	Oral care	Style & Fashion	Personal Care	Oral care	NULL
594	590	Shaving	Style & Fashion	Personal Care	Shaving	NULL
595	552	Street Style	Style & Fashion	Street Style	NULL	NULL
596		Technology & Computing	Technology & Computing	NULL	NULL	NULL
597	596	Artificial Intelligence	Technology & Computing	Artificial Intelligence	NULL	NULL
598	596	Augmented Reality	Technology & Computing	Augmented Reality	NULL	NULL
599	596	Computing	Technology & Computing	Computing	NULL	NULL
600	599	Computer Networking	Technology & Computing	Computing	Computer Networking	NULL
601	599	Computer Peripherals	Technology & Computing	Computing	Computer Peripherals	NULL
602	599	Computer Software and Applications	Technology & Computing	Computing	Computer Software and Applications	NULL
603	602	3-D Graphics	Technology & Computing	Computing	Computer Software and Applications	3-D Graphics
604	602	Photo Editing Software	Technology & Computing	Computing	Computer Software and Applications	Photo Editing Software
605	602	Shareware and Freeware	Technology & Computing	Computing	Computer Software and Applications	Shareware and Freeware
606	602	Video Software	Technology & Computing	Computing	Computer Software and Applications	Video Software
607	602	Web Conferencing	Technology & Computing	Computing	Computer Software and Applications	Web Conferencing
608	602	Antivirus Software	Technology & Computing	Computing	Computer Software and Applications	Antivirus Software
609	602	Browsers	Technology & Computing	Computing	Computer Software and Applications	Browsers
610	602	Computer Animation	Technology & Computing	Computing	Computer Software and Applications	Computer Animation
611	602	Databases	Technology & Computing	Computing	Computer Software and Applications	Databases
612	602	Desktop Publishing	Technology & Computing	Computing	Computer Software and Applications	Desktop Publishing
613	602	Digital Audio	Technology & Computing	Computing	Computer Software and Applications	Digital Audio
614	602	Graphics Software	Technology & Computing	Computing	Computer Software and Applications	Graphics Software
615	602	Operating Systems	Technology & Computing	Computing	Computer Software and Applications	Operating Systems
616	599	Data Storage and Warehousing	Technology & Computing	Computing	Data Storage and Warehousing	NULL
617	599	Desktops	Technology & Computing	Computing	Desktops	NULL
618	599	Information and Network Security	Technology & Computing	Computing	Information and Network Security	NULL
619	599	Internet	Technology & Computing	Computing	Internet	NULL
620	619	Cloud Computing	Technology & Computing	Computing	Internet	Cloud Computing
621	619	Web Development	Technology & Computing	Computing	Internet	Web Development
622	619	Web Hosting	Technology & Computing	Computing	Internet	Web Hosting
623	619	Email	Technology & Computing	Computing	Internet	Email
624	619	Internet for Beginners	Technology & Computing	Computing	Internet	Internet for Beginners
625	619	Internet of Things	Technology & Computing	Computing	Internet	Internet of Things
626	619	IT and Internet Support	Technology & Computing	Computing	Internet	IT and Internet Support
627	619	Search	Technology & Computing	Computing	Internet	Search
628	619	Social Networking	Technology & Computing	Computing	Internet	Social Networking
629	619	Web Design and HTML	Technology & Computing	Computing	Internet	Web Design and HTML
630	599	Laptops	Technology & Computing	Computing	Laptops	NULL
631	599	Programming Languages	Technology & Computing	Computing	Programming Languages	NULL
632	596	Consumer Electronics	Technology & Computing	Consumer Electronics	NULL	NULL
633	632	Cameras and Camcorders	Technology & Computing	Consumer Electronics	Cameras and Camcorders	NULL
634	632	Home Entertainment Systems	Technology & Computing	Consumer Electronics	Home Entertainment Systems	NULL
635	632	Smartphones	Technology & Computing	Consumer Electronics	Smartphones	NULL
636	632	Tablets and E-readers	Technology & Computing	Consumer Electronics	Tablets and E-readers	NULL
637	632	Wearable Technology	Technology & Computing	Consumer Electronics	Wearable Technology	NULL
638	596	Robotics	Technology & Computing	Robotics	NULL	NULL
639	596	Virtual Reality	Technology & Computing	Virtual Reality	NULL	NULL
640		Television	Television	NULL	NULL	NULL
641	640	Animation TV	Television	Animation TV	NULL	NULL
642	640	Soap Opera TV	Television	Soap Opera TV	NULL	NULL
643	640	Special Interest TV	Television	Special Interest TV	NULL	NULL
644	640	Sports TV	Television	Sports TV	NULL	NULL
645	640	Children's TV	Television	Children's TV	NULL	NULL
646	640	Comedy TV	Television	Comedy TV	NULL	NULL
647	640	Drama TV	Television	Drama TV	NULL	NULL
648	640	Factual TV	Television	Factual TV	NULL	NULL
649	640	Holiday TV	Television	Holiday TV	NULL	NULL
650	640	Music TV	Television	Music TV	NULL	NULL
651	640	Reality TV	Television	Reality TV	NULL	NULL
652	640	Science Fiction TV	Television	Science Fiction TV	NULL	NULL
653		Travel	Travel	NULL	NULL	NULL
654	653	Travel Accessories	Travel	Travel Accessories	NULL	NULL
655	653	Travel Locations	Travel	Travel Locations	NULL	NULL
656	655	Africa Travel	Travel	Travel Locations	Africa Travel	NULL
657	655	Asia Travel	Travel	Travel Locations	Asia Travel	NULL
658	655	Australia and Oceania Travel	Travel	Travel Locations	Australia and Oceania Travel	NULL
659	655	Europe Travel	Travel	Travel Locations	Europe Travel	NULL
660	655	North America Travel	Travel	Travel Locations	North America Travel	NULL
661	655	Polar Travel	Travel	Travel Locations	Polar Travel	NULL
662	655	South America Travel	Travel	Travel Locations	South America Travel	NULL
663	653	Travel Preparation and Advice	Travel	Travel Preparation and Advice	NULL	NULL
664	653	Travel Type	Travel	Travel Type	NULL	NULL
665	664	Adventure Travel	Travel	Travel Type	Adventure Travel	NULL
666	664	Family Travel	Travel	Travel Type	Family Travel	NULL
667	664	Honeymoons and Getaways	Travel	Travel Type	Honeymoons and Getaways	NULL
668	664	Hotels and Motels	Travel	Travel Type	Hotels and Motels	NULL
669	664	Rail Travel	Travel	Travel Type	Rail Travel	NULL
670	664	Road Trips	Travel	Travel Type	Road Trips	NULL
671	664	Spas	Travel	Travel Type	Spas	NULL
672	664	Air Travel	Travel	Travel Type	Air Travel	NULL
673	664	Beach Travel	Travel	Travel Type	Beach Travel	NULL
674	664	Bed & Breakfasts	Travel	Travel Type	Bed & Breakfasts	NULL
675	664	Budget Travel	Travel	Travel Type	Budget Travel	NULL
676	664	Business Travel	Travel	Travel Type	Business Travel	NULL
677	664	Camping	Travel	Travel Type	Camping	NULL
678	664	Cruises	Travel	Travel Type	Cruises	NULL
679	664	Day Trips	Travel	Travel Type	Day Trips	NULL
680		Video Gaming	Video Gaming	NULL	NULL	NULL
681	680	Console Games	Video Gaming	Console Games	NULL	NULL
682	680	eSports	Video Gaming	eSports	NULL	NULL
683	680	Mobile Games	Video Gaming	Mobile Games	NULL	NULL
684	680	PC Games	Video Gaming	PC Games	NULL	NULL
685	680	Video Game Genres	Video Gaming	Video Game Genres	NULL	NULL
686	685	Action Video Games	Video Gaming	Video Game Genres	Action Video Games	NULL
687	685	Role-Playing Video Games	Video Gaming	Video Game Genres	Role-Playing Video Games	NULL
688	685	Simulation Video Games	Video Gaming	Video Game Genres	Simulation Video Games	NULL
689	685	Sports Video Games	Video Gaming	Video Game Genres	Sports Video Games	NULL
690	685	Strategy Video Games	Video Gaming	Video Game Genres	Strategy Video Games	NULL
691	685	Action-Adventure Video Games	Video Gaming	Video Game Genres	Action-Adventure Video Games	NULL
692	685	Adventure Video Games	Video Gaming	Video Game Genres	Adventure Video Games	NULL
693	685	Casual Games	Video Gaming	Video Game Genres	Casual Games	NULL
694	685	Educational Video Games	Video Gaming	Video Game Genres	Educational Video Games	NULL
695	685	Exercise and Fitness Video Games	Video Gaming	Video Game Genres	Exercise and Fitness Video Games	NULL
696	685	MMOs	Video Gaming	Video Game Genres	MMOs	NULL
697	685	Music and Party Video Games	Video Gaming	Video Game Genres	Music and Party Video Games	NULL
698	685	Puzzle Video Games	Video Gaming	Video Game Genres	Puzzle Video Games	NULL
	NULL	NULL	NULL	NULL	NULL	NULL
1000		Content Channel	Content Channel	NULL	NULL	NULL
1001	1000	Editorial/Professional	Content Channel	Editorial/Professional	NULL	NULL
1002	1000	Email	Content Channel	Email	NULL	NULL
1003	1000	Forum/Community	Content Channel	Forum/Community	NULL	NULL
1004	1000	Game	Content Channel	Game	NULL	NULL
1005	1000	Marketplace/eCommerce	Content Channel	Marketplace/eCommerce	NULL	NULL
1006	1000	Search Engine/Listings	Content Channel	Search Engine/Listings	NULL	NULL
1007	1000	Social	Content Channel	Social	NULL	NULL
1008	1000	Utility/Online Tool	Content Channel	Utility/Online Tool	NULL	NULL
1009	1000	Voice Activated Channels	Content Channel	Voice Activated Channels	NULL	NULL
1010		Content Type	Content Type	NULL	NULL	NULL
1011	1010	Academic/ResearchConent	Content Type	Academic/ResearchConent	NULL	NULL
1012	1010	Chat/IM/Comments	Content Type	Chat/IM/Comments	NULL	NULL
1013	1010	Educational Content	Content Type	Educational Content	NULL	NULL
1014	1010	Entertainment Content	Content Type	Entertainment Content	NULL	NULL
1015	1010	Feature	Content Type	Feature	NULL	NULL
1016	1010	General Social	Content Type	General Social	NULL	NULL
1017	1010	Instructional Content	Content Type	Instructional Content	NULL	NULL
1018	1010	Interactive Content	Content Type	Interactive Content	NULL	NULL
1019	1010	Listings/Classifieds/Product Listings/Search Results	Content Type	Listings/Classifieds/Product Listings/Search Results	NULL	NULL
1020	1010	News	Content Type	News	NULL	NULL
1021	1010	Review	Content Type	Review	NULL	NULL
1022		Content Media Format	Content Media Format	NULL	NULL	NULL
1023	1022	Audio	Content Media Format	Audio	NULL	NULL
1024	1022	Images/Galleries	Content Media Format	Images/Galleries	NULL	NULL
1025	1022	Interactive	Content Media Format	Interactive	NULL	NULL
1026	1022	Mixed	Content Media Format	Mixed	NULL	NULL
1027	1022	Textual	Content Media Format	Textual	NULL	NULL
1028	1022	Video	Content Media Format	Video	NULL	NULL
1029	1022	VR/AR	Content Media Format	VR/AR	NULL	NULL
1030		Content Language	Content Language	NULL	NULL	NULL
1031	1030	Afar	Content Language	Afar	NULL	NULL
1032	1030	Abkhaz	Content Language	Abkhaz	NULL	NULL
1033	1030	Avestan	Content Language	Avestan	NULL	NULL
1034	1030	Afrikaans	Content Language	Afrikaans	NULL	NULL
1035	1030	Akan	Content Language	Akan	NULL	NULL
1036	1030	Amharic	Content Language	Amharic	NULL	NULL
1037	1030	Aragonese	Content Language	Aragonese	NULL	NULL
1038	1030	Arabic	Content Language	Arabic	NULL	NULL
1039	1030	Assamese	Content Language	Assamese	NULL	NULL
1040	1030	Avaric	Content Language	Avaric	NULL	NULL
1041	1030	Aymara	Content Language	Aymara	NULL	NULL
1042	1030	Azerbaijani	Content Language	Azerbaijani	NULL	NULL
1043	1030	Bashkir	Content Language	Bashkir	NULL	NULL
1044	1030	Belarusian	Content Language	Belarusian	NULL	NULL
1045	1030	Bulgarian	Content Language	Bulgarian	NULL	NULL
1046	1030	Bihari	Content Language	Bihari	NULL	NULL
1047	1030	Bislama	Content Language	Bislama	NULL	NULL
1048	1030	Bambara	Content Language	Bambara	NULL	NULL
1049	1030	Bengali	Content Language	Bengali	NULL	NULL
1050	1030	Tibetan	Content Language	Tibetan	NULL	NULL
1051	1030	Breton	Content Language	Breton	NULL	NULL
1052	1030	Bosnian	Content Language	Bosnian	NULL	NULL
1053	1030	Catalan	Content Language	Catalan	NULL	NULL
1054	1030	Chechen	Content Language	Chechen	NULL	NULL
1055	1030	Chamorro	Content Language	Chamorro	NULL	NULL
1056	1030	Corsican	Content Language	Corsican	NULL	NULL
1057	1030	Cree	Content Language	Cree	NULL	NULL
1058	1030	Czech	Content Language	Czech	NULL	NULL
1059	1030	Old Church Slavonic	Content Language	Old Church Slavonic	NULL	NULL
1060	1030	Chuvash	Content Language	Chuvash	NULL	NULL
1061	1030	Welsh	Content Language	Welsh	NULL	NULL
1062	1030	Danish	Content Language	Danish	NULL	NULL
1063	1030	German	Content Language	German	NULL	NULL
1064	1030	Divehi	Content Language	Divehi	NULL	NULL
1065	1030	Dzongkha	Content Language	Dzongkha	NULL	NULL
1066	1030	Ewe	Content Language	Ewe	NULL	NULL
1067	1030	Greek	Content Language	Greek	NULL	NULL
1068	1030	English	Content Language	English	NULL	NULL
1069	1030	Esperanto	Content Language	Esperanto	NULL	NULL
1070	1030	Spanish	Content Language	Spanish	NULL	NULL
1071	1030	Estonian	Content Language	Estonian	NULL	NULL
1072	1030	Basque	Content Language	Basque	NULL	NULL
1073	1030	Farsi	Content Language	Farsi	NULL	NULL
1074	1030	Fula	Content Language	Fula	NULL	NULL
1075	1030	Finnish	Content Language	Finnish	NULL	NULL
1076	1030	Fijian	Content Language	Fijian	NULL	NULL
1077	1030	Faroese	Content Language	Faroese	NULL	NULL
1078	1030	French	Content Language	French	NULL	NULL
1079	1030	Western Frisian	Content Language	Western Frisian	NULL	NULL
1080	1030	Irish	Content Language	Irish	NULL	NULL
1081	1030	Scottish Gaelic	Content Language	Scottish Gaelic	NULL	NULL
1082	1030	Galician	Content Language	Galician	NULL	NULL
1083	1030	Guarani	Content Language	Guarani	NULL	NULL
1084	1030	Gujarati	Content Language	Gujarati	NULL	NULL
1085	1030	Manx	Content Language	Manx	NULL	NULL
1086	1030	Hausa	Content Language	Hausa	NULL	NULL
1087	1030	Hebrew	Content Language	Hebrew	NULL	NULL
1088	1030	Hindi	Content Language	Hindi	NULL	NULL
1089	1030	Hiri Motu	Content Language	Hiri Motu	NULL	NULL
1090	1030	Croatian	Content Language	Croatian	NULL	NULL
1091	1030	Haitian	Content Language	Haitian	NULL	NULL
1092	1030	Hungarian	Content Language	Hungarian	NULL	NULL
1093	1030	Armenian	Content Language	Armenian	NULL	NULL
1094	1030	Herero	Content Language	Herero	NULL	NULL
1095	1030	Interlingua	Content Language	Interlingua	NULL	NULL
1096	1030	Indonesian	Content Language	Indonesian	NULL	NULL
1097	1030	Interlingue	Content Language	Interlingue	NULL	NULL
1098	1030	Igbo	Content Language	Igbo	NULL	NULL
1099	1030	Nuosu	Content Language	Nuosu	NULL	NULL
1100	1030	Inupiaq	Content Language	Inupiaq	NULL	NULL
1101	1030	Ido	Content Language	Ido	NULL	NULL
1102	1030	Icelandic	Content Language	Icelandic	NULL	NULL
1103	1030	Italian	Content Language	Italian	NULL	NULL
1104	1030	Inuktitut	Content Language	Inuktitut	NULL	NULL
1105	1030	Japanese	Content Language	Japanese	NULL	NULL
1106	1030	Javanese	Content Language	Javanese	NULL	NULL
1107	1030	Georgian	Content Language	Georgian	NULL	NULL
1108	1030	Kongo	Content Language	Kongo	NULL	NULL
1109	1030	Kikuyu	Content Language	Kikuyu	NULL	NULL
1110	1030	Kwanyama	Content Language	Kwanyama	NULL	NULL
1111	1030	Kazakh	Content Language	Kazakh	NULL	NULL
1112	1030	Kalaallisut	Content Language	Kalaallisut	NULL	NULL
1113	1030	Khmer	Content Language	Khmer	NULL	NULL
1114	1030	Kannada	Content Language	Kannada	NULL	NULL
1115	1030	Korean	Content Language	Korean	NULL	NULL
1116	1030	Kanuri	Content Language	Kanuri	NULL	NULL
1117	1030	Kashmiri	Content Language	Kashmiri	NULL	NULL
1118	1030	Kurdish	Content Language	Kurdish	NULL	NULL
1119	1030	Komi	Content Language	Komi	NULL	NULL
1120	1030	Cornish	Content Language	Cornish	NULL	NULL
1121	1030	Kyrgyz	Content Language	Kyrgyz	NULL	NULL
1122	1030	Latin	Content Language	Latin	NULL	NULL
1123	1030	Luxembourgish	Content Language	Luxembourgish	NULL	NULL
1124	1030	Ganda	Content Language	Ganda	NULL	NULL
1125	1030	Limburgish	Content Language	Limburgish	NULL	NULL
1126	1030	Lingala	Content Language	Lingala	NULL	NULL
1127	1030	Lao	Content Language	Lao	NULL	NULL
1128	1030	Lithuanian	Content Language	Lithuanian	NULL	NULL
1129	1030	Luba-Katanga	Content Language	Luba-Katanga	NULL	NULL
1130	1030	Latvian	Content Language	Latvian	NULL	NULL
1131	1030	Malagasy	Content Language	Malagasy	NULL	NULL
1132	1030	Marshallese	Content Language	Marshallese	NULL	NULL
1133	1030	Māori	Content Language	Māori	NULL	NULL
1134	1030	Macedonian	Content Language	Macedonian	NULL	NULL
1135	1030	Malayalam	Content Language	Malayalam	NULL	NULL
1136	1030	Mongolian	Content Language	Mongolian	NULL	NULL
1137	1030	Marathi	Content Language	Marathi	NULL	NULL
1138	1030	Malay	Content Language	Malay	NULL	NULL
1139	1030	Maltese	Content Language	Maltese	NULL	NULL
1140	1030	Burmese	Content Language	Burmese	NULL	NULL
1141	1030	Nauruan	Content Language	Nauruan	NULL	NULL
1142	1030	Norwegian Bokmal	Content Language	Norwegian Bokmal	NULL	NULL
1143	1030	Northern Ndebele	Content Language	Northern Ndebele	NULL	NULL
1144	1030	Nepali	Content Language	Nepali	NULL	NULL
1145	1030	Ndonga	Content Language	Ndonga	NULL	NULL
1146	1030	Dutch	Content Language	Dutch	NULL	NULL
1147	1030	Norwegian Nynorsk	Content Language	Norwegian Nynorsk	NULL	NULL
1148	1030	Norwegian	Content Language	Norwegian	NULL	NULL
1149	1030	Southern Ndebele	Content Language	Southern Ndebele	NULL	NULL
1150	1030	Navajo	Content Language	Navajo	NULL	NULL
1151	1030	Chichewa	Content Language	Chichewa	NULL	NULL
1152	1030	Occitan	Content Language	Occitan	NULL	NULL
1153	1030	Ojibwe	Content Language	Ojibwe	NULL	NULL
1154	1030	Oromo	Content Language	Oromo	NULL	NULL
1155	1030	Oriya	Content Language	Oriya	NULL	NULL
1156	1030	Ossetian	Content Language	Ossetian	NULL	NULL
1157	1030	Punjabi	Content Language	Punjabi	NULL	NULL
1158	1030	Pali	Content Language	Pali	NULL	NULL
1159	1030	Polish	Content Language	Polish	NULL	NULL
1160	1030	Pashto	Content Language	Pashto	NULL	NULL
1161	1030	Portuguese	Content Language	Portuguese	NULL	NULL
1162	1030	Quechua	Content Language	Quechua	NULL	NULL
1163	1030	Romansh	Content Language	Romansh	NULL	NULL
1164	1030	Kirundi	Content Language	Kirundi	NULL	NULL
1165	1030	Romanian	Content Language	Romanian	NULL	NULL
1166	1030	Russian	Content Language	Russian	NULL	NULL
1167	1030	Kinyarwanda	Content Language	Kinyarwanda	NULL	NULL
1168	1030	Sanskrit	Content Language	Sanskrit	NULL	NULL
1169	1030	Sardinian	Content Language	Sardinian	NULL	NULL
1170	1030	Sindhi	Content Language	Sindhi	NULL	NULL
1171	1030	Northern Sami	Content Language	Northern Sami	NULL	NULL
1172	1030	Sango	Content Language	Sango	NULL	NULL
1173	1030	Sinhala	Content Language	Sinhala	NULL	NULL
1174	1030	Slovak	Content Language	Slovak	NULL	NULL
1175	1030	Slovene	Content Language	Slovene	NULL	NULL
1176	1030	Samoan	Content Language	Samoan	NULL	NULL
1177	1030	Shona	Content Language	Shona	NULL	NULL
1178	1030	Somali	Content Language	Somali	NULL	NULL
1179	1030	Albanian	Content Language	Albanian	NULL	NULL
1180	1030	Serbian	Content Language	Serbian	NULL	NULL
1181	1030	Swati	Content Language	Swati	NULL	NULL
1182	1030	Southern Sotho	Content Language	Southern Sotho	NULL	NULL
1183	1030	Sundanese	Content Language	Sundanese	NULL	NULL
1184	1030	Swedish	Content Language	Swedish	NULL	NULL
1185	1030	Swahili	Content Language	Swahili	NULL	NULL
1186	1030	Tamil	Content Language	Tamil	NULL	NULL
1187	1030	Telugu	Content Language	Telugu	NULL	NULL
1188	1030	Tajik	Content Language	Tajik	NULL	NULL
1189	1030	Thai	Content Language	Thai	NULL	NULL
1190	1030	Tigrinya	Content Language	Tigrinya	NULL	NULL
1191	1030	Turkmen	Content Language	Turkmen	NULL	NULL
1192	1030	Tagalog	Content Language	Tagalog	NULL	NULL
1193	1030	Tswana	Content Language	Tswana	NULL	NULL
1194	1030	Tonga	Content Language	Tonga	NULL	NULL
1195	1030	Turkish	Content Language	Turkish	NULL	NULL
1196	1030	Tsonga	Content Language	Tsonga	NULL	NULL
1197	1030	Tatar	Content Language	Tatar	NULL	NULL
1198	1030	Twi	Content Language	Twi	NULL	NULL
1199	1030	Tahitian	Content Language	Tahitian	NULL	NULL
1200	1030	Uyghur	Content Language	Uyghur	NULL	NULL
1201	1030	Ukrainian	Content Language	Ukrainian	NULL	NULL
1202	1030	Urdu	Content Language	Urdu	NULL	NULL
1203	1030	Uzbek	Content Language	Uzbek	NULL	NULL
1204	1030	Venda	Content Language	Venda	NULL	NULL
1205	1030	Vietnamese	Content Language	Vietnamese	NULL	NULL
1206	1030	Volapuk	Content Language	Volapuk	NULL	NULL
1207	1030	Walloon	Content Language	Walloon	NULL	NULL
1208	1030	Wolof	Content Language	Wolof	NULL	NULL
1209	1030	Xhosa	Content Language	Xhosa	NULL	NULL
1210	1030	Yiddish	Content Language	Yiddish	NULL	NULL
1211	1030	Yoruba	Content Language	Yoruba	NULL	NULL
1212	1030	Zhuang	Content Language	Zhuang	NULL	NULL
1213	1030	Chinese	Content Language	Chinese	NULL	NULL
1214	1030	Zulu	Content Language	Zulu	NULL	NULL
1215		Content Source	Content Source	NULL	NULL	NULL
1216	1215	Professionally Produced	Content Source	Professionally Produced	NULL	NULL
1217	1215	User Generated	Content Source	User Generated	NULL	NULL
1218	1215	Aggregated/Curated	Content Source	Aggregated/Curated	NULL	NULL
1219		Content Source Geo	Content Source Geo	NULL	NULL	NULL
1220	1219	Continent	Content Source Geo	Continent	NULL	NULL
1221	1220	Asia	Content Source Geo	Continent	Asia	NULL
1222	1220	Africa	Content Source Geo	Continent	Africa	NULL
1223	1220	North America	Content Source Geo	Continent	North America	NULL
1224	1220	South America	Content Source Geo	Continent	South America	NULL
1225	1220	Antarctica	Content Source Geo	Continent	Antarctica	NULL
1226	1220	Europe	Content Source Geo	Continent	Europe	NULL
1227	1220	Antarctica	Content Source Geo	Continent	Antarctica	NULL
1228	1219	Country	Content Source Geo	Country	NULL	NULL
1229	1228	Afghanistan	Content Source Geo	Country	Afghanistan	NULL
1230	1228	Aland Islands	Content Source Geo	Country	Aland Islands	NULL
1231	1228	Albania	Content Source Geo	Country	Albania	NULL
1232	1228	Algeria	Content Source Geo	Country	Algeria	NULL
1233	1228	American Samoa	Content Source Geo	Country	American Samoa	NULL
1234	1228	Andorra	Content Source Geo	Country	Andorra	NULL
1235	1228	Angola	Content Source Geo	Country	Angola	NULL
1236	1228	Anguilla	Content Source Geo	Country	Anguilla	NULL
1237	1228	Antarctica	Content Source Geo	Country	Antarctica	NULL
1238	1228	Antigua and Barbuda	Content Source Geo	Country	Antigua and Barbuda	NULL
1239	1228	Argentina	Content Source Geo	Country	Argentina	NULL
1240	1228	Armenia	Content Source Geo	Country	Armenia	NULL
1241	1228	Aruba	Content Source Geo	Country	Aruba	NULL
1242	1228	Australia	Content Source Geo	Country	Australia	NULL
1243	1228	Austria	Content Source Geo	Country	Austria	NULL
1244	1228	Azerbaijan	Content Source Geo	Country	Azerbaijan	NULL
1245	1228	Bahrain	Content Source Geo	Country	Bahrain	NULL
1246	1228	Bangladesh	Content Source Geo	Country	Bangladesh	NULL
1247	1228	Barbados	Content Source Geo	Country	Barbados	NULL
1248	1228	Belarus	Content Source Geo	Country	Belarus	NULL
1249	1228	Belgium	Content Source Geo	Country	Belgium	NULL
1250	1228	Belize	Content Source Geo	Country	Belize	NULL
1251	1228	Benin	Content Source Geo	Country	Benin	NULL
1252	1228	Bermuda	Content Source Geo	Country	Bermuda	NULL
1253	1228	Bhutan	Content Source Geo	Country	Bhutan	NULL
1254	1228	Bolivarian Republic of Venezuela	Content Source Geo	Country	Bolivarian Republic of Venezuela	NULL
1255	1228	Bolivia	Content Source Geo	Country	Bolivia	NULL
1256	1228	Bonaire, Sint Eustatius and Saba	Content Source Geo	Country	Bonaire, Sint Eustatius and Saba	NULL
1257	1228	Bosnia and Herzegovina	Content Source Geo	Country	Bosnia and Herzegovina	NULL
1258	1228	Botswana	Content Source Geo	Country	Botswana	NULL
1259	1228	Bouvet Island	Content Source Geo	Country	Bouvet Island	NULL
1260	1228	Brazil	Content Source Geo	Country	Brazil	NULL
1261	1228	British Virgin Islands	Content Source Geo	Country	British Virgin Islands	NULL
1262	1228	Brunei Darussalam	Content Source Geo	Country	Brunei Darussalam	NULL
1263	1228	Bulgaria	Content Source Geo	Country	Bulgaria	NULL
1264	1228	Burkina Faso	Content Source Geo	Country	Burkina Faso	NULL
1265	1228	Burundi	Content Source Geo	Country	Burundi	NULL
1266	1228	Cabo Verde	Content Source Geo	Country	Cabo Verde	NULL
1267	1228	Cambodia	Content Source Geo	Country	Cambodia	NULL
1268	1228	Cameroon	Content Source Geo	Country	Cameroon	NULL
1269	1228	Canada	Content Source Geo	Country	Canada	NULL
1270	1228	Chad	Content Source Geo	Country	Chad	NULL
1271	1228	Chile	Content Source Geo	Country	Chile	NULL
1272	1228	China	Content Source Geo	Country	China	NULL
1273	1228	Christmas Island	Content Source Geo	Country	Christmas Island	NULL
1274	1228	Colombia	Content Source Geo	Country	Colombia	NULL
1275	1228	Costa Rica	Content Source Geo	Country	Costa Rica	NULL
1276	1228	Cote d'Ivoire	Content Source Geo	Country	Cote d'Ivoire	NULL
1277	1228	Croatia	Content Source Geo	Country	Croatia	NULL
1278	1228	Cuba	Content Source Geo	Country	Cuba	NULL
1279	1228	Curaçao	Content Source Geo	Country	Curaçao	NULL
1280	1228	Cyprus	Content Source Geo	Country	Cyprus	NULL
1281	1228	Czechia	Content Source Geo	Country	Czechia	NULL
1282	1228	Denmark	Content Source Geo	Country	Denmark	NULL
1283	1228	Djibouti	Content Source Geo	Country	Djibouti	NULL
1284	1228	Dominica	Content Source Geo	Country	Dominica	NULL
1285	1228	Ecuador	Content Source Geo	Country	Ecuador	NULL
1286	1228	Egypt	Content Source Geo	Country	Egypt	NULL
1287	1228	El Salvador	Content Source Geo	Country	El Salvador	NULL
1288	1228	Equatorial Guinea	Content Source Geo	Country	Equatorial Guinea	NULL
1289	1228	Eritrea	Content Source Geo	Country	Eritrea	NULL
1290	1228	Estonia	Content Source Geo	Country	Estonia	NULL
1291	1228	Ethiopia	Content Source Geo	Country	Ethiopia	NULL
1292	1228	Federated States of Micronesia	Content Source Geo	Country	Federated States of Micronesia	NULL
1293	1228	Fiji	Content Source Geo	Country	Fiji	NULL
1294	1228	Finland	Content Source Geo	Country	Finland	NULL
1295	1228	France	Content Source Geo	Country	France	NULL
1296	1228	French Guiana	Content Source Geo	Country	French Guiana	NULL
1297	1228	French Polynesia	Content Source Geo	Country	French Polynesia	NULL
1298	1228	Gabon	Content Source Geo	Country	Gabon	NULL
1299	1228	Georgia	Content Source Geo	Country	Georgia	NULL
1300	1228	Germany	Content Source Geo	Country	Germany	NULL
1301	1228	Ghana	Content Source Geo	Country	Ghana	NULL
1302	1228	Gibraltar	Content Source Geo	Country	Gibraltar	NULL
1303	1228	Greece	Content Source Geo	Country	Greece	NULL
1304	1228	Greenland	Content Source Geo	Country	Greenland	NULL
1305	1228	Grenada	Content Source Geo	Country	Grenada	NULL
1306	1228	Guadeloupe	Content Source Geo	Country	Guadeloupe	NULL
1307	1228	Guam	Content Source Geo	Country	Guam	NULL
1308	1228	Guatemala	Content Source Geo	Country	Guatemala	NULL
1309	1228	Guernsey	Content Source Geo	Country	Guernsey	NULL
1310	1228	Guinea	Content Source Geo	Country	Guinea	NULL
1311	1228	Guinea-Bissau	Content Source Geo	Country	Guinea-Bissau	NULL
1312	1228	Guyana	Content Source Geo	Country	Guyana	NULL
1313	1228	Haiti	Content Source Geo	Country	Haiti	NULL
1314	1228	Heard Island and McDonald Islands	Content Source Geo	Country	Heard Island and McDonald Islands	NULL
1315	1228	Honduras	Content Source Geo	Country	Honduras	NULL
1316	1228	Hong Kong	Content Source Geo	Country	Hong Kong	NULL
1317	1228	Hungary	Content Source Geo	Country	Hungary	NULL
1318	1228	Iceland	Content Source Geo	Country	Iceland	NULL
1319	1228	India	Content Source Geo	Country	India	NULL
1320	1228	Indonesia	Content Source Geo	Country	Indonesia	NULL
1321	1228	Iraq	Content Source Geo	Country	Iraq	NULL
1322	1228	Ireland	Content Source Geo	Country	Ireland	NULL
1323	1228	Islamic Republic of Iran	Content Source Geo	Country	Islamic Republic of Iran	NULL
1324	1228	Isle of Man	Content Source Geo	Country	Isle of Man	NULL
1325	1228	Israel	Content Source Geo	Country	Israel	NULL
1326	1228	Italy	Content Source Geo	Country	Italy	NULL
1327	1228	Jamaica	Content Source Geo	Country	Jamaica	NULL
1328	1228	Japan	Content Source Geo	Country	Japan	NULL
1329	1228	Jersey	Content Source Geo	Country	Jersey	NULL
1330	1228	Jordan	Content Source Geo	Country	Jordan	NULL
1331	1228	Kazakhstan	Content Source Geo	Country	Kazakhstan	NULL
1332	1228	Kenya	Content Source Geo	Country	Kenya	NULL
1333	1228	Kiribati	Content Source Geo	Country	Kiribati	NULL
1334	1228	Kuwait	Content Source Geo	Country	Kuwait	NULL
1335	1228	Kyrgyzstan	Content Source Geo	Country	Kyrgyzstan	NULL
1336	1228	Latvia	Content Source Geo	Country	Latvia	NULL
1337	1228	Lebanon	Content Source Geo	Country	Lebanon	NULL
1338	1228	Lesotho	Content Source Geo	Country	Lesotho	NULL
1339	1228	Liberia	Content Source Geo	Country	Liberia	NULL
1340	1228	Libya	Content Source Geo	Country	Libya	NULL
1341	1228	Liechtenstein	Content Source Geo	Country	Liechtenstein	NULL
1342	1228	Lithuania	Content Source Geo	Country	Lithuania	NULL
1343	1228	Luxembourg	Content Source Geo	Country	Luxembourg	NULL
1344	1228	Macao	Content Source Geo	Country	Macao	NULL
1345	1228	Madagascar	Content Source Geo	Country	Madagascar	NULL
1346	1228	Malawi	Content Source Geo	Country	Malawi	NULL
1347	1228	Malaysia	Content Source Geo	Country	Malaysia	NULL
1348	1228	Maldives	Content Source Geo	Country	Maldives	NULL
1349	1228	Mali	Content Source Geo	Country	Mali	NULL
1350	1228	Malta	Content Source Geo	Country	Malta	NULL
1351	1228	Martinique	Content Source Geo	Country	Martinique	NULL
1352	1228	Mauritania	Content Source Geo	Country	Mauritania	NULL
1353	1228	Mauritius	Content Source Geo	Country	Mauritius	NULL
1354	1228	Mayotte	Content Source Geo	Country	Mayotte	NULL
1355	1228	Mexico	Content Source Geo	Country	Mexico	NULL
1356	1228	Monaco	Content Source Geo	Country	Monaco	NULL
1357	1228	Mongolia	Content Source Geo	Country	Mongolia	NULL
1358	1228	Montenegro	Content Source Geo	Country	Montenegro	NULL
1359	1228	Montserrat	Content Source Geo	Country	Montserrat	NULL
1360	1228	Morocco	Content Source Geo	Country	Morocco	NULL
1361	1228	Mozambique	Content Source Geo	Country	Mozambique	NULL
1362	1228	Myanmar	Content Source Geo	Country	Myanmar	NULL
1363	1228	Namibia	Content Source Geo	Country	Namibia	NULL
1364	1228	Nauru	Content Source Geo	Country	Nauru	NULL
1365	1228	Nepal	Content Source Geo	Country	Nepal	NULL
1366	1228	New Caledonia	Content Source Geo	Country	New Caledonia	NULL
1367	1228	New Zealand	Content Source Geo	Country	New Zealand	NULL
1368	1228	Nicaragua	Content Source Geo	Country	Nicaragua	NULL
1369	1228	Nigeria	Content Source Geo	Country	Nigeria	NULL
1370	1228	Niue	Content Source Geo	Country	Niue	NULL
1371	1228	Norfolk Island	Content Source Geo	Country	Norfolk Island	NULL
1372	1228	Norway	Content Source Geo	Country	Norway	NULL
1373	1228	Oman	Content Source Geo	Country	Oman	NULL
1374	1228	Pakistan	Content Source Geo	Country	Pakistan	NULL
1375	1228	Palau	Content Source Geo	Country	Palau	NULL
1376	1228	Panama	Content Source Geo	Country	Panama	NULL
1377	1228	Papua New Guinea	Content Source Geo	Country	Papua New Guinea	NULL
1378	1228	Paraguay	Content Source Geo	Country	Paraguay	NULL
1379	1228	Peru	Content Source Geo	Country	Peru	NULL
1380	1228	Pitcairn	Content Source Geo	Country	Pitcairn	NULL
1381	1228	Poland	Content Source Geo	Country	Poland	NULL
1382	1228	Portugal	Content Source Geo	Country	Portugal	NULL
1383	1228	Puerto Rico	Content Source Geo	Country	Puerto Rico	NULL
1384	1228	Qatar	Content Source Geo	Country	Qatar	NULL
1385	1228	Reunion	Content Source Geo	Country	Reunion	NULL
1386	1228	Romania	Content Source Geo	Country	Romania	NULL
1387	1228	Rwanda	Content Source Geo	Country	Rwanda	NULL
1388	1228	Saint Barthelemy	Content Source Geo	Country	Saint Barthelemy	NULL
1389	1228	Saint Helena, Ascension and Tristan da Cunha	Content Source Geo	Country	Saint Helena, Ascension and Tristan da Cunha	NULL
1390	1228	Saint Kitts and Nevis	Content Source Geo	Country	Saint Kitts and Nevis	NULL
1391	1228	Saint Lucia	Content Source Geo	Country	Saint Lucia	NULL
1392	1228	Saint Martin	Content Source Geo	Country	Saint Martin	NULL
1393	1228	Saint Pierre and Miquelon	Content Source Geo	Country	Saint Pierre and Miquelon	NULL
1394	1228	Saint Vincent and the Grenadines	Content Source Geo	Country	Saint Vincent and the Grenadines	NULL
1395	1228	Samoa	Content Source Geo	Country	Samoa	NULL
1396	1228	San Marino	Content Source Geo	Country	San Marino	NULL
1397	1228	Sao Tome and Principe	Content Source Geo	Country	Sao Tome and Principe	NULL
1398	1228	Saudi Arabia	Content Source Geo	Country	Saudi Arabia	NULL
1399	1228	Senegal	Content Source Geo	Country	Senegal	NULL
1400	1228	Serbia	Content Source Geo	Country	Serbia	NULL
1401	1228	Seychelles	Content Source Geo	Country	Seychelles	NULL
1402	1228	Sierra Leone	Content Source Geo	Country	Sierra Leone	NULL
1403	1228	Singapore	Content Source Geo	Country	Singapore	NULL
1404	1228	Sint Maarten	Content Source Geo	Country	Sint Maarten	NULL
1405	1228	Slovakia	Content Source Geo	Country	Slovakia	NULL
1406	1228	Slovenia	Content Source Geo	Country	Slovenia	NULL
1407	1228	Solomon Islands	Content Source Geo	Country	Solomon Islands	NULL
1408	1228	Somalia	Content Source Geo	Country	Somalia	NULL
1409	1228	South Africa	Content Source Geo	Country	South Africa	NULL
1410	1228	South Georgia and the South Sandwich Islands	Content Source Geo	Country	South Georgia and the South Sandwich Islands	NULL
1411	1228	South Sudan	Content Source Geo	Country	South Sudan	NULL
1412	1228	Spain	Content Source Geo	Country	Spain	NULL
1413	1228	Sri Lanka	Content Source Geo	Country	Sri Lanka	NULL
1414	1228	State of Palestine	Content Source Geo	Country	State of Palestine	NULL
1415	1228	Suriname	Content Source Geo	Country	Suriname	NULL
1416	1228	Svalbard and Jan Mayen	Content Source Geo	Country	Svalbard and Jan Mayen	NULL
1417	1228	Swaziland	Content Source Geo	Country	Swaziland	NULL
1418	1228	Sweden	Content Source Geo	Country	Sweden	NULL
1419	1228	Switzerland	Content Source Geo	Country	Switzerland	NULL
1420	1228	Syrian Arab Republic	Content Source Geo	Country	Syrian Arab Republic	NULL
1421	1228	Taiwan (Province of China)	Content Source Geo	Country	Taiwan (Province of China)	NULL
1422	1228	Tajikistan	Content Source Geo	Country	Tajikistan	NULL
1423	1228	Thailand	Content Source Geo	Country	Thailand	NULL
1424	1228	The Bahamas	Content Source Geo	Country	The Bahamas	NULL
1425	1228	The British Indian Ocean Territory	Content Source Geo	Country	The British Indian Ocean Territory	NULL
1426	1228	The Cayman Islands	Content Source Geo	Country	The Cayman Islands	NULL
1427	1228	The Central African Republic	Content Source Geo	Country	The Central African Republic	NULL
1428	1228	The Cocos Islands	Content Source Geo	Country	The Cocos Islands	NULL
1429	1228	The Comoros	Content Source Geo	Country	The Comoros	NULL
1430	1228	The Congo	Content Source Geo	Country	The Congo	NULL
1431	1228	The Cook Islands	Content Source Geo	Country	The Cook Islands	NULL
1432	1228	The Democratic People's Republic of Korea	Content Source Geo	Country	The Democratic People's Republic of Korea	NULL
1433	1228	the Democratic Republic of the Congo	Content Source Geo	Country	the Democratic Republic of the Congo	NULL
1434	1228	The Dominican Republic	Content Source Geo	Country	The Dominican Republic	NULL
1435	1228	The Falkland Islands	Content Source Geo	Country	The Falkland Islands	NULL
1436	1228	The Faroe Islands	Content Source Geo	Country	The Faroe Islands	NULL
1437	1228	The former Yugoslav Republic of Macedonia	Content Source Geo	Country	The former Yugoslav Republic of Macedonia	NULL
1438	1228	The French Southern Territories	Content Source Geo	Country	The French Southern Territories	NULL
1439	1228	The Gambia	Content Source Geo	Country	The Gambia	NULL
1440	1228	The Holy See	Content Source Geo	Country	The Holy See	NULL
1441	1228	The Lao People's Democratic Republic	Content Source Geo	Country	The Lao People's Democratic Republic	NULL
1442	1228	The Marshall Islands	Content Source Geo	Country	The Marshall Islands	NULL
1443	1228	The Netherlands	Content Source Geo	Country	The Netherlands	NULL
1444	1228	The Niger	Content Source Geo	Country	The Niger	NULL
1445	1228	The Northern Mariana Islands	Content Source Geo	Country	The Northern Mariana Islands	NULL
1446	1228	The Philippines	Content Source Geo	Country	The Philippines	NULL
1447	1228	The Republic of Korea	Content Source Geo	Country	The Republic of Korea	NULL
1448	1228	The Republic of Moldova	Content Source Geo	Country	The Republic of Moldova	NULL
1449	1228	The Russian Federation	Content Source Geo	Country	The Russian Federation	NULL
1450	1228	The Sudan	Content Source Geo	Country	The Sudan	NULL
1451	1228	The Turks and Caicos Islands	Content Source Geo	Country	The Turks and Caicos Islands	NULL
1452	1228	The United Arab Emirates	Content Source Geo	Country	The United Arab Emirates	NULL
1453	1228	The United Kingdom of Great Britain and Northern Ireland	Content Source Geo	Country	The United Kingdom of Great Britain and Northern Ireland	NULL
1454	1228	The United States Minor Outlying Islands	Content Source Geo	Country	The United States Minor Outlying Islands	NULL
1455	1228	The United States of America	Content Source Geo	Country	The United States of America	NULL
1456	1228	Timor-Leste	Content Source Geo	Country	Timor-Leste	NULL
1457	1228	Togo	Content Source Geo	Country	Togo	NULL
1458	1228	Tokelau	Content Source Geo	Country	Tokelau	NULL
1459	1228	Tonga	Content Source Geo	Country	Tonga	NULL
1460	1228	Trinidad and Tobago	Content Source Geo	Country	Trinidad and Tobago	NULL
1461	1228	Tunisia	Content Source Geo	Country	Tunisia	NULL
1462	1228	Turkey	Content Source Geo	Country	Turkey	NULL
1463	1228	Turkmenistan	Content Source Geo	Country	Turkmenistan	NULL
1464	1228	Tuvalu	Content Source Geo	Country	Tuvalu	NULL
1465	1228	U.S. Virgin Islands	Content Source Geo	Country	U.S. Virgin Islands	NULL
1466	1228	Uganda	Content Source Geo	Country	Uganda	NULL
1467	1228	Ukraine	Content Source Geo	Country	Ukraine	NULL
1468	1228	United Republic of Tanzania	Content Source Geo	Country	United Republic of Tanzania	NULL
1469	1228	Uruguay	Content Source Geo	Country	Uruguay	NULL
1470	1228	Uzbekistan	Content Source Geo	Country	Uzbekistan	NULL
1471	1228	Vanuatu	Content Source Geo	Country	Vanuatu	NULL
1472	1228	Vietnam	Content Source Geo	Country	Vietnam	NULL
1473	1228	Wallis and Futuna	Content Source Geo	Country	Wallis and Futuna	NULL
1474	1228	Western Sahara	Content Source Geo	Country	Western Sahara	NULL
1475	1228	Yemen	Content Source Geo	Country	Yemen	NULL
1476	1228	Zambia	Content Source Geo	Country	Zambia	NULL
1477	1228	Zimbabwe	Content Source Geo	Country	Zimbabwe	NULL
1478	1219	Region/State	Content Source Geo	Region/State	NULL	NULL
1479	1219	Metro	Content Source Geo	Metro	NULL	NULL
1480	1219	City	Content Source Geo	City	NULL	NULL